Nejčastější dotazy,Prokliky,Zobrazení,CTR,Pozice
zlatnictvi praha 5,6,45,13.33%,2.58
zlatnictví praha,5,40,12.5%,2.8
zlatnictví praha 5,4,71,5.63%,3.24
oprava sperku,4,33,12.12%,7.76
wedding rings prague,3,41,7.32%,12.49
oprava šperků praha 5,3,31,9.68%,3.13
zlatnictví,2,73,2.74%,3.55
opravy šperků praha,2,58,3.45%,4.48
čištění šperků praha,2,48,4.17%,12.65
zlatnik praha,2,44,4.55%,8.59
oprava zlatého řetízku,2,19,10.53%,2
zlatnictvi praha,2,18,11.11%,3.67
oprava šperků,2,18,11.11%,5.83
zlatnik,2,18,11.11%,5.89
šperky na zakázku praha,2,5,40%,19
výroba stříbrných šperků,1,87,1.15%,13.91
zlatník praha,1,69,1.45%,12.67
oprava sperku praha,1,51,1.96%,7.71
zlatník,1,42,2.38%,9.81
wedding rings,1,40,2.5%,10.22
oprava šperků praha,1,36,2.78%,1.92
zlatnická dílna praha,1,36,2.78%,3.42
výroba šperků z vlastního zlata praha,1,26,3.85%,10.85
zmenšení prstenu praha,1,19,5.26%,8
čištění zlatých šperků,1,16,6.25%,8.31
vyroba sperku praha,1,13,7.69%,8.62
opravy zlatých šperků,1,12,8.33%,5.33
oprava zlata praha,1,11,9.09%,2.64
zakázkové zlatnictví praha,1,10,10%,25.2
nejlepší zlatnictví praha,1,4,25%,5.25
opravy šperků na počkání praha,1,4,25%,6
ano,1,3,33.33%,2
prag,1,1,100%,1
jewelery maker,1,1,100%,2
oprava sperkov,1,1,100%,2
"ano, prosim",1,1,100%,4
custom,1,1,100%,7
čištění šperků,0,227,0%,4.07
výroba šperků praha,0,118,0%,18.23
ruční práce šperky,0,75,0%,10.95
výroba šperků,0,74,0%,18.38
šperky na zakázku,0,71,0%,48.66
šperky ruční výroba,0,67,0%,11.75
ruční výroba šperků,0,59,0%,22.75
stříbrný prsten s ametystem,0,55,0%,37.09
cisteni sperku,0,50,0%,4.94
rytí šperků,0,50,0%,16.02
sperky na zakazku,0,47,0%,29.32
výroba zlatých šperků,0,45,0%,18.76
goldsmith,0,44,0%,6.5
zlatnická dílna,0,43,0%,7.21
výroba šperků na zakázku praha,0,43,0%,31.58
snubní prsteny praha,0,43,0%,36.98
zlatnicka dilna,0,42,0%,5.98
náunice ze lutého zlata,0,41,0%,7.1
snubní prsteny ruční výroba,0,40,0%,16.88
umělecké šperky,0,37,0%,19.78
snubní prsteny praha 1,0,37,0%,53.11
opravy šperků,0,36,0%,5.78
náušnice srdce,0,36,0%,15.14
šperky na přání,0,36,0%,21.64
ohodnocení šperků,0,35,0%,17.43
vltavín přírodní šperky stříbrné,0,34,0%,13.79
šperkařství,0,31,0%,10.03
sperk na zakazku,0,31,0%,41.9
cena zlata,0,30,0%,9.47
oprava zlatých šperků praha,0,29,0%,5.38
ševr,0,29,0%,7.69
čištění zlata,0,26,0%,7.04
náramek,0,23,0%,11
karat zlato,0,22,0%,21.36
levné stříbrné prsteny,0,22,0%,23.73
čištění prstýnků,0,21,0%,6.9
gold plating,0,21,0%,8.67
prodej zlatých šperků,0,21,0%,20.24
dámské zlaté řetízky,0,20,0%,12.4
zlaté šperky česká výroba,0,20,0%,18.8
rubínové prsteny,0,20,0%,23.7
stříbrný šperk,0,20,0%,24.1
custom jewelery production in prague,0,19,0%,17.05
šperky z bižuterie,0,19,0%,24.32
šperk na zakázku,0,19,0%,49.32
zlatnictví oprava šperků,0,18,0%,4.22
martin,0,18,0%,14.44
naušnice anděl,0,17,0%,12.29
stribrne sperky praha,0,17,0%,12.59
výroba bižuterie,0,17,0%,13.71
šperky srdce,0,17,0%,13.71
zlatnictvi,0,16,0%,4.12
řetízky se jménem,0,16,0%,7.06
gravírování a rytí šperků,0,16,0%,20.88
sebo jewelry,0,15,0%,7.73
leštění zlata,0,15,0%,11.93
šperky ze stříbra,0,15,0%,21.8
oprava stříbrných šperků,0,14,0%,11.71
smaragdove nausnice,0,14,0%,15.57
česká výroba šperků,0,14,0%,17.36
zlatníci,0,14,0%,17.86
leštění šperků,0,13,0%,1.69
oprava zlatých šperků,0,13,0%,11.31
vyroba sperku,0,13,0%,13.62
šperk pro ženu,0,13,0%,14.38
šperk,0,13,0%,16
sperky stribrne,0,13,0%,21.23
výroba zlatých šperků z vlastního zlata,0,12,0%,2.75
gravírování šperků,0,12,0%,15.58
výroba zlata,0,12,0%,16.58
gravírování prstenů,0,12,0%,19
stříbrnictví,0,11,0%,2.55
personalizovane sperky,0,11,0%,8
sada zlatých šperků,0,11,0%,16.18
smaragd nausnice,0,11,0%,16.64
naušnice ze stříbra,0,11,0%,23
ruční výroba bižuterie,0,10,0%,13
český výrobce šperků,0,10,0%,14.9
prsteny velkoobchod,0,10,0%,15.6
výroba zlatých šperků na zakázku,0,10,0%,16.4
zásnubní prsten ruční výroba,0,10,0%,17.7
vlastní výroba šperků,0,10,0%,18
výroba zlatého šperku,0,10,0%,23.3
prsteny ze stříbra,0,10,0%,24.8
oprava retizku,0,9,0%,2.33
oprava stribrneho retizku,0,9,0%,7.33
čistění stříbra,0,9,0%,8.67
art clay silver,0,9,0%,13.11
prodej stříbrných šperků,0,9,0%,16.78
stříbrné prsteny velkoobchod,0,9,0%,22.44
oprava řetízku,0,8,0%,6.12
levne strbro sperky,0,8,0%,12.75
stříbrné šperky,0,8,0%,15.62
gravírované šperky,0,8,0%,16.62
sperkarstvi,0,8,0%,16.88
stříbrný náramek,0,8,0%,19
drahé šperky,0,8,0%,21.62
stříbrné sperky,0,8,0%,22.75
levne stribrne prstynky,0,8,0%,23.62
zlatnictví zelina,0,7,0%,2.86
custom jewelry,0,7,0%,4.14
snubak,0,7,0%,11.14
šperky přátelství,0,7,0%,13.14
handmade jewelry prague,0,7,0%,15.86
kvalitní stříbrné šperky,0,7,0%,18.57
značka šperků,0,7,0%,20.14
dílna,0,7,0%,22
prsten s ametystem,0,7,0%,27.43
spiral ring,0,6,0%,5.33
ring sizing,0,6,0%,5.67
smaragdové šperky,0,6,0%,7.17
bronzové šperky,0,6,0%,8.5
designové náunice,0,6,0%,9
drahe sperky,0,6,0%,10
české šperky ruční výroba,0,6,0%,10.33
výroba nausnic,0,6,0%,10.67
šperky české výroby,0,6,0%,12.83
leštění stříbra,0,6,0%,13.33
sperk,0,6,0%,14
sterling silver,0,6,0%,14.67
výroba šperkovnice,0,6,0%,14.67
nejlevnější zlaté řetízky,0,6,0%,15.67
dámské stříbrné šperky,0,6,0%,17.83
zakázková výroba šperků,0,6,0%,17.83
prsten spirála,0,6,0%,18
design šperku,0,6,0%,24.5
šperk na míru,0,6,0%,42
náušnice anděl,0,5,0%,2.4
vyroba nausnic,0,5,0%,3.8
stříbrnictví praha,0,5,0%,6.8
pozlacení šperku,0,5,0%,8.2
autorské šperky praha,0,5,0%,8.4
česká šperkařka,0,5,0%,8.6
turecké šperky,0,5,0%,9.2
zlate sperky,0,5,0%,9.6
šperkařský kámen,0,5,0%,9.6
restaurátorské zlato,0,5,0%,10.6
výroba naušnic,0,5,0%,11.2
oprava zlata,0,5,0%,12
šperky zakázková výroba,0,5,0%,12
silver gold plated jewellery,0,5,0%,12.2
zlacení šperků,0,5,0%,12.8
sperky zakazkova vyroba,0,5,0%,14.4
gravirovani sperku,0,5,0%,15.6
zlatnictvo praha,0,5,0%,17
zlaté řetízky výprodej,0,5,0%,19.6
ruční šperky,0,5,0%,21.2
sperk na miru,0,5,0%,22.8
stříbrná náušnice,0,5,0%,23.8
výroba šperku,0,5,0%,25.6
stribrny sperk,0,5,0%,27.6
šperky na míru,0,5,0%,44.8
zlatnická dílna martin ševr,0,4,0%,1
sperkin,0,4,0%,2.75
sperke,0,4,0%,5.25
výroba šperků na zakázku cena,0,4,0%,6
kovové šperky,0,4,0%,6.75
oprava šperků z chirurgické oceli,0,4,0%,7
galvanoplastika šperky,0,4,0%,7.75
zlatnictví v praze,0,4,0%,8
foukane zlato,0,4,0%,9.25
zlatý řetízek,0,4,0%,9.25
výroba šperku z vlastního zlata cena,0,4,0%,9.75
autorske sperky,0,4,0%,10
výroba stříbrných šperků na zakázku,0,4,0%,10.5
silver earrings,0,4,0%,10.75
čištění šperků z chirurgické oceli,0,4,0%,10.75
čištění zlatých šperků doma,0,4,0%,11.25
zlatovlaska rande,0,4,0%,11.75
garnet ring,0,4,0%,12
rhodiování zlata,0,4,0%,12
stříbrné mince jindřicha iv sálského,0,4,0%,12.5
voděodolné šperky,0,4,0%,12.5
osobni sperk,0,4,0%,12.75
zmenšení prstenů na počkání praha,0,4,0%,12.75
snubní prsteny na zakázku praha,0,4,0%,13.75
zlatnice lemore,0,4,0%,14
bílé zlato řetízek,0,4,0%,16
výroba vlastních šperků,0,4,0%,16.5
snubní prsteny na míru,0,4,0%,17
zlatý naušnice,0,4,0%,18.25
zakazkova vyroba sperku,0,4,0%,18.5
šperky ruční práce,0,4,0%,18.75
naušnice diamant,0,4,0%,21.5
stříbro prsteny,0,4,0%,22
přírodní šperky,0,4,0%,22.5
nausnice retizek,0,4,0%,22.75
střibrné šperky,0,4,0%,24
čištění zlata cena,0,4,0%,24.75
bílé zlato šperky,0,4,0%,28.25
stříbrné prsteny s minerály,0,4,0%,28.25
snubni prsteny praha,0,4,0%,29
zlatnici,0,4,0%,31
jewelry repair near me,0,3,0%,1
nausnice praha,0,3,0%,1
zlatnicka,0,3,0%,1
jewelry repair,0,3,0%,1.33
klenotnictví praha,0,3,0%,1.67
vymolova zlatnictvi,0,3,0%,2.33
goldsmithing,0,3,0%,3.33
zlatnické,0,3,0%,4.33
české klenotnictví,0,3,0%,5
zlatnické potřeby,0,3,0%,5.33
gravirovani na sperky,0,3,0%,5.67
sevr,0,3,0%,5.67
klenotnictví,0,3,0%,6
silver art clay,0,3,0%,6.33
krásné šperky,0,3,0%,6.67
sperky soukenicka,0,3,0%,6.67
the brick ring,0,3,0%,6.67
oprava zlatého řetízku cena,0,3,0%,7
secesní šperky,0,3,0%,7
stribrnictvi,0,3,0%,7.33
výkup šperků s diamanty,0,3,0%,8
zlatnic,0,3,0%,8
citrínové šperky,0,3,0%,8.33
výroba přívěsků,0,3,0%,8.33
zlato,0,3,0%,8.33
české stříbrné šperky,0,3,0%,11
český šperk,0,3,0%,11.33
gold filled šperky,0,3,0%,12.33
vyroba naramku praha,0,3,0%,12.33
zlacení šperků cena,0,3,0%,12.33
zlaté řetízky,0,3,0%,12.33
zlatnické nůžky,0,3,0%,12.67
levne stribrne sperky,0,3,0%,13.67
výprodej stříbrných naušnic,0,3,0%,13.67
naušnice sedmikrásky,0,3,0%,14
personalizované šperky pro muže,0,3,0%,14.33
rucni vyroba nausnic,0,3,0%,14.33
šperky s drahými kameny,0,3,0%,15
zpracování zlata,0,3,0%,16.67
sperky chryzantema,0,3,0%,18
engagement ring prague,0,3,0%,18.33
sperky stribro,0,3,0%,18.33
snubné prstene praha,0,3,0%,18.67
výroba bižuterie prodej,0,3,0%,20
výroba šperků ze zlata,0,3,0%,20.33
náušnice ze zlata,0,3,0%,21.33
české šperkařství,0,3,0%,21.33
zlatníctvo,0,3,0%,22
zlaté šperky s diamanty,0,3,0%,23.33
výrobci zlatých šperků,0,3,0%,25
nejlevnější zlaté šperky,0,3,0%,25.67
bižuterie pozlacená,0,3,0%,26
luxusní střibrné šperky,0,3,0%,26
custom silver ring maker near me,0,3,0%,29.33
stříbrný zásnubní prsten,0,3,0%,32.67
šperkařství praha,0,3,0%,34
custom jewelery,0,2,0%,1
náušnice zlaté,0,2,0%,1
goldsmith workshop,0,2,0%,1.5
stribrny retizek,0,2,0%,1.5
прага,0,2,0%,1.5
gold smith,0,2,0%,2
marie a josef klenotnictví,0,2,0%,2
praha,0,2,0%,2
šperků,0,2,0%,2
goldsmiths,0,2,0%,2.5
kovové kamplíky pro šperky,0,2,0%,3
pozlacovani,0,2,0%,3
personalizovaný šperk s gravírováním. my location is czech republic.,0,2,0%,3.5
zlatnictví smaragd,0,2,0%,3.5
výroba šperků z kamenů,0,2,0%,4.5
zlatnicke potreby,0,2,0%,4.5
bronze jewelry,0,2,0%,5
oprava retizku na pockani,0,2,0%,5
ring workshop,0,2,0%,5
strelnik jewelry,0,2,0%,5.5
wedding ring near me,0,2,0%,5.5
ремонт золотой цепочки,0,2,0%,6
infinity ring,0,2,0%,6.5
polishing,0,2,0%,6.5
silver polishing,0,2,0%,6.5
umelecky sperk,0,2,0%,6.5
zlatnictvo,0,2,0%,6.5
jewelry,0,2,0%,7
jewelry repair services,0,2,0%,7
sperkynina,0,2,0%,7
tourmaline ring,0,2,0%,7
grossular garnet ring,0,2,0%,8
pěkné zlato,0,2,0%,8.5
výroba přívěsků na zakázku,0,2,0%,8.5
čištění bižuterie,0,2,0%,8.5
šperkovnice,0,2,0%,8.5
tvuj sperk,0,2,0%,9
náušnice na zakázku,0,2,0%,9.5
vyroba privesku,0,2,0%,9.5
bílý zlato,0,2,0%,10
goldsmithing atelier gold & diamond,0,2,0%,10
kde prodat prsten s diamantem,0,2,0%,10
výroba šperků z modelovacího stříbra,0,2,0%,10
wedding rings near me,0,2,0%,10
zirkonové náušnice,0,2,0%,10
šperky praha,0,2,0%,10
kolik stojí oprava zlatého řetízku,0,2,0%,10.5
zlaté náušnice andělská křídla,0,2,0%,10.5
šperkový vltavín,0,2,0%,10.5
široký výběr originálních šperků,0,2,0%,11
designové naušnice,0,2,0%,11.5
gravírování do zlata,0,2,0%,11.5
jewlery,0,2,0%,12
šperkařské stříbro,0,2,0%,12
rekvalifikační kurz zlatník praha,0,2,0%,12.5
goldsmith jewellers near me,0,2,0%,13
infinity rings,0,2,0%,13
nausnici,0,2,0%,13
zlatý řetízek pánský,0,2,0%,13
levný zlatý řetízek,0,2,0%,13.5
ručně vyráběné šperky praha,0,2,0%,14
zlaté šperky s vltavínem,0,2,0%,14
cesky sperk,0,2,0%,14.5
custom jewellery,0,2,0%,15.5
neobvyklé šperky,0,2,0%,15.5
cerne sperky,0,2,0%,16.5
stříbrné srdíčko,0,2,0%,17
stříbrný prsten,0,2,0%,17
zásnubní prsten na míru,0,2,0%,17
šperk anděl,0,2,0%,18
engagement rings prague,0,2,0%,19.5
pozlacené ocelové šperky,0,2,0%,20.5
prsten spirala,0,2,0%,20.5
moldavite jewelry prague,0,2,0%,21
stríbrné šperky,0,2,0%,21
zlaté šperky na míru,0,2,0%,21
zásnubní prsteny praha,0,2,0%,21
rucni vyroba sperky,0,2,0%,21.5
zmenšení prstenu,0,2,0%,22
náušnice eshop,0,2,0%,23.5
náušnice stribrne,0,2,0%,24
prstynky stribrne,0,2,0%,24
stříbrné prsteny,0,2,0%,24
sperky handmade,0,2,0%,25.5
sperky z oceli,0,2,0%,27
centrum zlatníků praha,0,2,0%,31.5
náušnice zlato,0,2,0%,34
zlatnictví mádr,0,2,0%,39.5
šperk na zákazku,0,2,0%,52.5
ano vyhledat,0,1,0%,1
ear rings,0,1,0%,1
emerald cut amethyst ring,0,1,0%,1
goldsmiths near me,0,1,0%,1
how much is it worth,0,1,0%,1
jewellers workshop,0,1,0%,1
jewellery repair near me,0,1,0%,1
jewelry buyers near me,0,1,0%,1
jewelry carving,0,1,0%,1
jewelry design,0,1,0%,1
jewelry fix near me,0,1,0%,1
jewelry repair close to me,0,1,0%,1
jewelry repairs,0,1,0%,1
jewelry repairs near me,0,1,0%,1
jewelry smith near me,0,1,0%,1
jewelry workshop,0,1,0%,1
jewlery repair,0,1,0%,1
kola praha 5,0,1,0%,1
náhrdelník zlatý,0,1,0%,1
oprava starých hodin,0,1,0%,1
oprava zlatej retiazky cena,0,1,0%,1
oprava šperkov,0,1,0%,1
pozlacené náušnice,0,1,0%,1
pozlacené stříbrné šperky,0,1,0%,1
praha smichov,0,1,0%,1
resizing rings,0,1,0%,1
ring repair,0,1,0%,1
silver store near me,0,1,0%,1
silversmith,0,1,0%,1
sperkar,0,1,0%,1
stribrne retizky,0,1,0%,1
stříbrné náušnice,0,1,0%,1
stříbrné náušnice srdce,0,1,0%,1
stříbrné prsteny dámské,0,1,0%,1
velká šperkovnice,0,1,0%,1
výkup stříbrných šperků praha,0,1,0%,1
zlaté šperky s jantarem,0,1,0%,1
кольцо,0,1,0%,1
ремонт цепочки серебро,0,1,0%,1
ремонт ювелирных изделий рядом со мной,0,1,0%,1
чистка ювелирных изделий,0,1,0%,1
adelajn šperky praha,0,1,0%,2
brick ring,0,1,0%,2
custom.jewellery,0,1,0%,2
dlouhé visací náušnice,0,1,0%,2
goldschmied,0,1,0%,2
goldsmith near me,0,1,0%,2
goldsmoth,0,1,0%,2
gravírování šperků praha,0,1,0%,2
green jewelery,0,1,0%,2
how much will this cost?,0,1,0%,2
jewelry martin,0,1,0%,2
jewerly maker,0,1,0%,2
jj,0,1,0%,2
jo,0,1,0%,2
letni sperky,0,1,0%,2
levné zlatnictví praha,0,1,0%,2
link ring,0,1,0%,2
pair ring workshop,0,1,0%,2
personalizované šperky,0,1,0%,2
prague,0,1,0%,2
seba jewellery,0,1,0%,2
sperky nm,0,1,0%,2
sperky praha,0,1,0%,2
zlaté ocelové šperky,0,1,0%,2
мастер ювелирных изделий,0,1,0%,2
цена в праге,0,1,0%,2
drevene sperky,0,1,0%,3
ducks prague,0,1,0%,3
gold workshop,0,1,0%,3
jaka je cca cena,0,1,0%,3
jewelry cleaner,0,1,0%,3
jewlery soldering,0,1,0%,3
nausnice dlouhe,0,1,0%,3
oprava řetízku cena,0,1,0%,3
oro 14,0,1,0%,3
osobne,0,1,0%,3
pansky sperk,0,1,0%,3
panský naramek,0,1,0%,3
prsten čarodějnický uzel,0,1,0%,3
ring makers near me,0,1,0%,3
silvego prsteny,0,1,0%,3
silver jewellery,0,1,0%,3
silver ring,0,1,0%,3
stařený česnek martin novotný,0,1,0%,3
vyroba sperkov,0,1,0%,3
zlate prsteny,0,1,0%,3
zlatnická práce,0,1,0%,3
zlatnický dům,0,1,0%,3
zlaty medailon s gravirovanim,0,1,0%,3
купити в празі,0,1,0%,3
прага 5,0,1,0%,3
blatna,0,1,0%,4
briliantové šperky,0,1,0%,4
jewelry cleaning,0,1,0%,4
jewelry polisher,0,1,0%,4
jewelry repair shop near me open now,0,1,0%,4
personalizovany sperk,0,1,0%,4
sebo jewelry cz,0,1,0%,4
silver clay workshop,0,1,0%,4
sorokin zlato,0,1,0%,4
stone polishing,0,1,0%,4
вартість,0,1,0%,4
срібло,0,1,0%,4
4500,0,1,0%,5
ametyst ring,0,1,0%,5
doro zlato,0,1,0%,5
goldschmied in der nähe,0,1,0%,5
handmade jewellery,0,1,0%,5
jewellery repairs near me,0,1,0%,5
jewelry stores that fix jewelry near me,0,1,0%,5
juwelier prag,0,1,0%,5
klenotnictvi praha,0,1,0%,5
naramky stribrne,0,1,0%,5
plátkové zlato,0,1,0%,5
prague to kutna hora train,0,1,0%,5
prstýnkárna,0,1,0%,5
ring adjuster near me,0,1,0%,5
ring making class,0,1,0%,5
silver gold plated jewellery near me,0,1,0%,5
soerk,0,1,0%,5
sperkovnice,0,1,0%,5
stříbrné šperky náušnice,0,1,0%,5
turmaline ring,0,1,0%,5
zlatnictví semily,0,1,0%,5
zlatnik depozovná,0,1,0%,5
zlaté šperky praha,0,1,0%,5
řetízek bílé zlato dámský,0,1,0%,5
kurzy šperkařství,0,1,0%,6
levne šperky,0,1,0%,6
podívej se,0,1,0%,6
pozlatene sperky,0,1,0%,6
prstýnky z minerálů,0,1,0%,6
přírodní klenoty,0,1,0%,6
schmuck workshop in der nähe,0,1,0%,6
sperky vang,0,1,0%,6
teplice,0,1,0%,6
zlatnice žlutá,0,1,0%,6
а в чехії?,0,1,0%,6
bangles jewellery,0,1,0%,7
custom ring making near me,0,1,0%,7
gold plating service,0,1,0%,7
hand made jewelry,0,1,0%,7
kraska sperky,0,1,0%,7
martin gold,0,1,0%,7
obchod se šperky,0,1,0%,7
prices,0,1,0%,7
silver ring cz,0,1,0%,7
vykup zlata martin,0,1,0%,7
zlata firma,0,1,0%,7
citríny šperky,0,1,0%,8
designové šperky praha,0,1,0%,8
gold platting,0,1,0%,8
goldmsith,0,1,0%,8
jewelry services,0,1,0%,8
nausnice srdicka,0,1,0%,8
nuda,0,1,0%,8
náušnice,0,1,0%,8
personalizovaný šperk,0,1,0%,8
preț în magazin,0,1,0%,8
silver chain rings,0,1,0%,8
silver necklace,0,1,0%,8
silver ring polishing,0,1,0%,8
uma goldsmith,0,1,0%,8
zirconia jewellery,0,1,0%,8
zlatý řetízek dámský,0,1,0%,8
brickring,0,1,0%,9
cínované šperky,0,1,0%,9
diamond ring near me,0,1,0%,9
hand made rings,0,1,0%,9
jewerly design,0,1,0%,9
naramek se srdcem,0,1,0%,9
ocenění šperků,0,1,0%,9
prstýnek větvička,0,1,0%,9
ring resizing near me,0,1,0%,9
secesni sperky,0,1,0%,9
smaragdový náhrdelník,0,1,0%,9
sperky z ocele,0,1,0%,9
vodeodolne sperky,0,1,0%,9
výrobce bižuterie,0,1,0%,9
workshop ring,0,1,0%,9
zlate nausnice,0,1,0%,9
gold coated jewellery,0,1,0%,10
gold plaiting,0,1,0%,10
handmade sperky,0,1,0%,10
individualni sperk,0,1,0%,10
jewellery making near me,0,1,0%,10
ring in czech,0,1,0%,10
silver bangles,0,1,0%,10
tošovský prodej zlata,0,1,0%,10
výroba ztracené náušnice,0,1,0%,10
wedding rimgs,0,1,0%,10
šperk z pravých květin,0,1,0%,10
šperky levně,0,1,0%,10
andělský šperk,0,1,0%,11
ceske nausnice,0,1,0%,11
jewelry equipment,0,1,0%,11
jewerly workshop,0,1,0%,11
karát zlato,0,1,0%,11
krasne sperky,0,1,0%,11
krásná šperk,0,1,0%,11
levné stribrné šperky,0,1,0%,11
markazitové šperky,0,1,0%,11
náušnice pozlacené kaia texture | dessori,0,1,0%,11
pomněnkové šperky,0,1,0%,11
rhodiování stříbra,0,1,0%,11
snubní prsteny z vlastního zlata,0,1,0%,11
sperky rucne tvorene,0,1,0%,11
stone setting,0,1,0%,11
stribrne sponky,0,1,0%,11
výroba řetězů,0,1,0%,11
이 룩을 찾아보세요,0,1,0%,11
art clay silver vypalování,0,1,0%,12
artisan jewelry near me,0,1,0%,12
fasování kamenů,0,1,0%,12
halada prsteny,0,1,0%,12
leštění,0,1,0%,12
o,0,1,0%,12
online zlatnictví,0,1,0%,12
opravy na počkání praha,0,1,0%,12
pozlacení šperků,0,1,0%,12
prstynky stribro,0,1,0%,12
přetavení smd,0,1,0%,12
stříbrné leva,0,1,0%,12
stříbrné šperky česká výroba,0,1,0%,12
umelecke sperky,0,1,0%,12
vyroba prstenov z vlastneho zlata,0,1,0%,12
wedding ring,0,1,0%,12
šperkař,0,1,0%,12
šperkařské výrobky,0,1,0%,12
šperky značky,0,1,0%,12
custom jewlery,0,1,0%,13
czech ring,0,1,0%,13
dílna praha,0,1,0%,13
fishing martin,0,1,0%,13
garnet silver ring,0,1,0%,13
gravírování na šperky,0,1,0%,13
handcrafted jewelry near me,0,1,0%,13
jewelry repair service,0,1,0%,13
moje šperky,0,1,0%,13
nevklace,0,1,0%,13
ring near me,0,1,0%,13
silver rings,0,1,0%,13
stříbrné šperky výprodej,0,1,0%,13
vykup diamantov,0,1,0%,13
vymena zlata za sperky,0,1,0%,13
vyroba zlata na zakazku,0,1,0%,13
zlatnicky kurz,0,1,0%,13
zlatnik klenotnik,0,1,0%,13
řetízkové náušnice stříbrné,0,1,0%,13
šperkařské potřeby,0,1,0%,13
šperky s květinami,0,1,0%,13
autorské šperky,0,1,0%,14
craft jewelry near me,0,1,0%,14
custom ring,0,1,0%,14
gold wedding rings near me,0,1,0%,14
mens rings,0,1,0%,14
prsten vlna,0,1,0%,14
silver rings near me,0,1,0%,14
výroba náhrdelníků,0,1,0%,14
workshop jewellery,0,1,0%,14
zmenšení prstenu na počkání,0,1,0%,14
české sperky,0,1,0%,14
šperky se safírem,0,1,0%,14
filipínské šperky,0,1,0%,15
jewelry silver,0,1,0%,15
kovový šperk,0,1,0%,15
pozlacovací sada,0,1,0%,15
silver ring workshop,0,1,0%,15
stříbrné šperky s turmalínem,0,1,0%,15
zlatý náramek,0,1,0%,15
zlatý řetízek dámský levné,0,1,0%,15
šperky pozlacené,0,1,0%,15
levné stribrne šperky,0,1,0%,16
levné stríbrné šperky,0,1,0%,16
levné stříbrné šperky,0,1,0%,16
naušnice srdíčka,0,1,0%,16
náušnice ruční výroba,0,1,0%,16
ocelové šperky,0,1,0%,16
zlato náramek,0,1,0%,16
zlatý šperk,0,1,0%,16
české zlatnictví praha,0,1,0%,16
řetízek se jmény,0,1,0%,16
řetízek srdíčko,0,1,0%,16
šperky medvídek,0,1,0%,16
šperky na tělo,0,1,0%,16
cistic zlata,0,1,0%,17
czech crystal rings,0,1,0%,17
levne zlate sperky,0,1,0%,17
stříbrné náušnice anděl,0,1,0%,17
zlatníctva,0,1,0%,17
jewelry engagement rings near me,0,1,0%,18
stribrnynaramek,0,1,0%,18
stříbrný zásnubní prstýnek,0,1,0%,18
ci to je?,0,1,0%,19
sperky rucni tvorba na miru,0,1,0%,19
prstýnek nekonečno,0,1,0%,20
sperky sro,0,1,0%,20
design šperků,0,1,0%,21
drobné šperky,0,1,0%,21
jewellery custom,0,1,0%,21
náušnice zlate,0,1,0%,21
stribrne šperky,0,1,0%,21
zásnubní prsten na zakázku praha 1,0,1,0%,21
prsteny stříbrné,0,1,0%,22
sperky nausnice,0,1,0%,22
sperky rucni vyroba,0,1,0%,22
střibrne šperky,0,1,0%,22
stříbrne šperky,0,1,0%,22
výprodej zlatých šperků,0,1,0%,22
zlatý řetízky,0,1,0%,22
do 5000,0,1,0%,23
ocelové sperky,0,1,0%,23
zasnubni prsten praha,0,1,0%,23
chainlink ring,0,1,0%,24
levne stribrne prsteny,0,1,0%,24
ruční výroba šperky,0,1,0%,24
stribrne sperky,0,1,0%,24
výroba šperků kurz,0,1,0%,24
zlato náušnice,0,1,0%,24
náramky a řetízky,0,1,0%,25
pánský náramky,0,1,0%,25
stribrne naušnice,0,1,0%,25
stribrne.sperky levne,0,1,0%,25
stříbrne sperky,0,1,0%,25
zlatá náušnice,0,1,0%,25
šperky gravírování,0,1,0%,25
moldavite prague,0,1,0%,26
autorské šperky zlato,0,1,0%,27
snubni prsteny na zakazku,0,1,0%,27
sterling silver jewlery,0,1,0%,28
stříbrné šperky sady,0,1,0%,29
zmenšení prstenů,0,1,0%,30
anděl šperk,0,1,0%,31
stříbrný prstýnek kroužek,0,1,0%,31
prsteny na míru,0,1,0%,32
detour martin goldsmith,0,1,0%,36
zásnubní prsten srdce,0,1,0%,41
zlatnictví martina,0,1,0%,42
engagement rings,0,1,0%,46
zlatníctvo martin,0,1,0%,46
prsten ametyst,0,1,0%,51
moje snubní prsteny,0,1,0%,61
where to buy moldavite in prague,0,1,0%,69
silver chain link ring,0,1,0%,76
ring resizing places near me,0,1,0%,93