Nejvýznamnější stránky,Prokliky,Zobrazení,CTR,Pozice
https://www.zlatnik-martin.cz/,286,10590,2.7%,7.92
https://www.zlatnik-martin.cz/zakazkova-tvorba/,19,1080,1.76%,13.08
https://www.zlatnik-martin.cz/en/wedding-rings/,17,539,3.15%,9.14
https://www.zlatnik-martin.cz/en/,17,363,4.68%,7.66
https://www.zlatnik-martin.cz/en/custom-jewelry/,16,501,3.19%,8.87
https://www.zlatnik-martin.cz/o-dilne/,14,419,3.34%,6.26
https://www.zlatnik-martin.cz/en/in-stock/,13,460,2.83%,10.53
https://www.zlatnik-martin.cz/kontakt/,7,326,2.15%,5.19
https://www.zlatnik-martin.cz/snubni-prsteny-na-miru/,4,265,1.51%,21.91
https://www.zlatnik-martin.cz/skladem/,3,114,2.63%,9.33
https://www.zlatnik-martin.cz/portfolio/,2,174,1.15%,9.49
https://www.zlatnik-martin.cz/opravy-sperku-praha/,2,138,1.45%,7.54
https://www.zlatnik-martin.cz/retizky,2,42,4.76%,6.52
https://www.zlatnik-martin.cz/en/jewelry/grossular-garnet-ring/,2,18,11.11%,10.06
https://www.zlatnik-martin.cz/sperky/prsten-retez/,2,14,14.29%,4.86
https://www.zlatnik-martin.cz/en/jewelry/chain-link-ring/,2,13,15.38%,14
https://www.zlatnik-martin.cz/en/chains/,2,12,16.67%,7.83
https://www.zlatnik-martin.cz/en/about/,1,64,1.56%,5.64
https://www.zlatnik-martin.cz/en/contact/,1,58,1.72%,4.17
https://www.zlatnik-martin.cz/en/jewelry/philippine-pearl-ring/,1,18,5.56%,4.61
https://www.zlatnik-martin.cz/puncovni-znacky,1,12,8.33%,5.17
https://www.zlatnik-martin.cz/en/work/one-of-a-kind-moldavite-ring/,1,7,14.29%,6.57
https://www.zlatnik-martin.cz/sperky/prsten-s-ametystem-kulaty/,0,62,0%,32.26
https://www.zlatnik-martin.cz/sperky/prsten-spirala/,0,42,0%,9.4
https://www.zlatnik-martin.cz/en/portfolio/,0,37,0%,4.95
https://www.zlatnik-martin.cz/sperky/prsten-s-ametystem-obdelnik/,0,34,0%,17.06
https://www.zlatnik-martin.cz/tvorba/locket-vera-gravirovany/,0,32,0%,6.28
https://www.zlatnik-martin.cz/en/jewelry/round-amethyst-ring/,0,22,0%,9.36
https://www.zlatnik-martin.cz/sperky/prsten-s-apatitem/,0,20,0%,7.5
https://www.zlatnik-martin.cz/en/work/pink-sapphire-halo-engagement-ring/,0,19,0%,8.21
https://www.zlatnik-martin.cz/sperky/prsten-s-grossularem/,0,14,0%,7.07
https://www.zlatnik-martin.cz/sperky/prsten-s-vltavinem-original/,0,14,0%,7.07
https://www.zlatnik-martin.cz/tvorba/zasnubni-prsten-rubin-halo/,0,13,0%,8.38
https://www.zlatnik-martin.cz/en/jewelry/spiral-ring/,0,12,0%,5
https://www.zlatnik-martin.cz/retezy/,0,12,0%,7.17
https://www.zlatnik-martin.cz/sperky/prsten-cihlicka/,0,11,0%,6.36
https://www.zlatnik-martin.cz/en/jewelry/brick-ring/,0,11,0%,7.55
https://www.zlatnik-martin.cz/tvorba/snubni-prsteny-bile-zlato-matne/,0,8,0%,5.75
https://www.zlatnik-martin.cz/en/jewelry/tourmaline-ring/,0,8,0%,6
https://www.zlatnik-martin.cz/tvorba/vltavin-jediny-original/,0,6,0%,8.17
https://www.zlatnik-martin.cz/sperky/privesek-briliant-grossular/,0,6,0%,9.17
https://www.zlatnik-martin.cz/en/jewelry/emerald-cut-amethyst-ring/,0,5,0%,4.4
https://www.zlatnik-martin.cz/en/work/matte-white-gold-wedding-bands/,0,5,0%,5.4
https://www.zlatnik-martin.cz/en/jewelry/infinity-ring/,0,5,0%,8.6
https://www.zlatnik-martin.cz/sperky/prsten-s-turmalinem/,0,4,0%,9.75
https://www.zlatnik-martin.cz/sperky/prsten-s-filipinskou-perlou/,0,3,0%,9
https://www.zlatnik-martin.cz/en/jewelry/rose-quartz-pendant/,0,2,0%,4
https://www.zlatnik-martin.cz/sperky/prsten-s-opalem/,0,2,0%,5.5
https://www.zlatnik-martin.cz/en/jewelry/raw-moldavite-ring-original/,0,2,0%,13
https://www.zlatnik-martin.cz/en/jewelry/blue-diamond-grossular-pendant/,0,2,0%,18
https://www.zlatnik-martin.cz/en/jewelry/apatite-ring/,0,1,0%,2
https://www.zlatnik-martin.cz/sperky/prsten-nekonecno/,0,1,0%,4
https://www.zlatnik-martin.cz/sperky/privesek-s-ruzeninem/,0,1,0%,6
https://www.zlatnik-martin.cz/en/jewelry/opal-ring/,0,1,0%,7
https://www.zlatnik-martin.cz/en/work/engraved-locket-vera/,0,1,0%,8
https://www.zlatnik-martin.cz/en/jewelry/peridot-ring/,0,1,0%,10